observation_date,unemployment,core_inflation,fedfunds,real_rate
1958-01-01,5.8,2.807017543859658,2.72,-0.08701754385965765
1958-02-01,6.4,2.7972027972027913,1.67,-1.1272027972027914
1958-03-01,6.7,2.7874564459930307,1.2,-1.5874564459930307
1958-04-01,7.4,2.430555555555558,1.26,-1.170555555555558
1958-05-01,7.4,2.430555555555558,0.63,-1.8005555555555581
1958-06-01,7.3,2.422145328719738,0.93,-1.492145328719738
1958-07-01,7.5,2.0689655172413834,0.68,-1.3889655172413833
1958-08-01,7.4,2.0689655172413834,1.53,-0.5389655172413834
1958-09-01,7.1,2.0618556701030855,1.76,-0.30185567010308545
1958-10-01,6.7,1.7123287671232834,1.8,0.08767123287671663
1958-11-01,6.2,1.7064846416382284,2.27,0.5635153583617716
1958-12-01,6.2,2.0477815699658564,2.42,0.37221843003414357
1959-01-01,6.0,2.0477815699658564,2.48,0.4322184300341436
1959-02-01,5.9,1.7006802721088343,2.43,0.7293197278911658
1959-03-01,5.6,1.6949152542372836,2.8,1.1050847457627162
1959-04-01,5.2,1.6949152542372836,2.96,1.2650847457627163
1959-05-01,5.1,2.033898305084758,2.9,0.8661016949152418
1959-06-01,5.0,2.0270270270270174,3.39,1.3629729729729827
1959-07-01,5.1,2.0270270270270174,3.47,1.4429729729729828
1959-08-01,5.2,2.0270270270270174,3.5,1.4729729729729826
1959-09-01,5.5,2.020202020202033,3.76,1.7397979797979666
1959-10-01,5.7,2.3569023569023573,3.98,1.6230976430976427
1959-11-01,5.8,2.0134228187919323,4.0,1.9865771812080677
1959-12-01,5.3,2.006688963210701,3.99,1.9833110367892992
1960-01-01,5.2,2.006688963210701,3.99,1.9833110367892992
1960-02-01,4.8,2.34113712374584,3.97,1.6288628762541602
1960-03-01,5.4,2.0000000000000018,3.84,1.839999999999998
1960-04-01,5.2,2.0000000000000018,3.92,1.9199999999999982
1960-05-01,5.1,1.661129568106312,3.85,2.188870431893688
1960-06-01,5.4,1.655629139072845,3.32,1.6643708609271548
1960-07-01,5.5,1.324503311258285,3.23,1.905496688741715
1960-08-01,5.6,1.324503311258285,2.98,1.655496688741715
1960-09-01,5.5,0.990099009900991,2.6,1.609900990099009
1960-10-01,6.1,1.3157894736842257,2.47,1.1542105263157745
1960-11-01,6.1,1.3157894736842257,2.44,1.1242105263157742
1960-12-01,6.6,0.6557377049180246,1.98,1.3242622950819753
1961-01-01,6.6,0.9836065573770592,1.45,0.4663934426229408
1961-02-01,6.9,0.6535947712418277,2.54,1.8864052287581723
1961-03-01,6.9,0.9803921568627416,2.02,1.0396078431372584
1961-04-01,7.0,0.9803921568627416,1.49,0.5096078431372584
1961-05-01,7.1,0.9803921568627416,1.98,0.9996078431372584
1961-06-01,6.9,0.9771986970684043,1.73,0.7528013029315956
1961-07-01,7.0,1.3071895424836555,1.17,-0.13718954248365556
1961-08-01,6.6,1.6339869281045694,2.0,0.36601307189543064
1961-09-01,6.7,1.6339869281045694,1.88,0.24601307189543054
1961-10-01,6.5,0.9740259740259827,2.26,1.285974025974017
1961-11-01,6.1,1.298701298701288,2.61,1.3112987012987118
1961-12-01,6.0,1.6286644951140072,2.33,0.7013355048859928
1962-01-01,5.8,1.298701298701288,2.15,0.8512987012987119
1962-02-01,5.5,1.298701298701288,2.37,1.071298701298712
1962-03-01,5.6,1.2944983818770295,2.85,1.5555016181229706
1962-04-01,5.6,1.2944983818770295,2.78,1.4855016181229703
1962-05-01,5.5,1.6181229773462702,2.36,0.7418770226537297
1962-06-01,5.5,1.2903225806451646,2.68,1.3896774193548356
1962-07-01,5.4,1.2903225806451646,2.71,1.4196774193548354
1962-08-01,5.7,1.2861736334405016,2.93,1.6438263665594985
1962-09-01,5.6,1.2861736334405016,2.9,1.6138263665594983
1962-10-01,5.4,1.2861736334405016,2.9,1.6138263665594983
1962-11-01,5.7,0.9615384615384581,2.94,1.9784615384615418
1962-12-01,5.5,1.2820512820512997,2.93,1.6479487179487005
1963-01-01,5.7,0.9615384615384581,2.92,1.9584615384615418
1963-02-01,5.9,1.2820512820512997,3.0,1.7179487179487003
1963-03-01,5.7,1.2779552715654896,2.98,1.7020447284345104
1963-04-01,5.7,1.2779552715654896,2.9,1.6220447284345103
1963-05-01,5.9,0.9554140127388644,3.0,2.0445859872611356
1963-06-01,5.6,1.273885350318471,2.99,1.7161146496815292
1963-07-01,5.6,1.273885350318471,3.02,1.746114649681529
1963-08-01,5.4,1.2698412698412653,3.49,2.220158730158735
1963-09-01,5.5,1.2698412698412653,3.48,2.2101587301587347
1963-10-01,5.5,1.5873015873015817,3.5,1.9126984126984183
1963-11-01,5.7,1.5873015873015817,3.48,1.8926984126984183
1963-12-01,5.5,1.5822784810126667,3.38,1.7977215189873332
1964-01-01,5.6,2.2222222222222365,3.48,1.2577777777777635
1964-02-01,5.4,1.8987341772152,3.48,1.5812658227848
1964-03-01,5.4,1.5772870662460692,3.43,1.852712933753931
1964-04-01,5.3,1.5772870662460692,3.47,1.892712933753931
1964-05-01,5.1,1.5772870662460692,3.5,1.9227129337539308
1964-06-01,5.2,1.5723270440251458,3.5,1.9276729559748542
1964-07-01,4.9,1.5723270440251458,3.42,1.8476729559748541
1964-08-01,5.0,1.2539184952978122,3.5,2.246081504702188
1964-09-01,5.1,1.2539184952978122,3.45,2.196081504702188
1964-10-01,5.1,1.2499999999999956,3.36,2.1100000000000043
1964-11-01,4.8,1.5625,3.52,1.9575
1964-12-01,5.0,1.2461059190031154,3.85,2.6038940809968847
1965-01-01,4.9,1.2422360248447228,3.9,2.657763975155277
1965-02-01,5.1,1.2422360248447228,3.98,2.737763975155277
1965-03-01,4.7,1.2422360248447228,4.05,2.807763975155277
1965-04-01,4.8,1.552795031055898,4.09,2.537204968944102
1965-05-01,4.6,1.552795031055898,4.1,2.5472049689441016
1965-06-01,4.6,1.2383900928792713,4.05,2.8116099071207286
1965-07-01,4.4,1.2383900928792713,4.09,2.8516099071207286
1965-08-01,4.4,1.2383900928792713,4.12,2.881609907120729
1965-09-01,4.3,1.5479876160990669,4.02,2.4720123839009327
1965-10-01,4.2,1.2345679012345734,4.08,2.8454320987654267
1965-11-01,4.1,1.2307692307692353,4.1,2.8692307692307644
1965-12-01,4.0,1.538461538461533,4.32,2.7815384615384673
1966-01-01,4.0,1.2269938650306678,4.42,3.193006134969332
1966-02-01,3.8,1.5337423312883347,4.6,3.066257668711665
1966-03-01,3.8,1.5337423312883347,4.66,3.1262576687116654
1966-04-01,3.8,1.83486238532109,4.67,2.83513761467891
1966-05-01,3.9,2.1406727828745975,4.9,2.759327217125403
1966-06-01,3.8,2.4464831804281273,5.17,2.7235168195718726
1966-07-01,3.8,2.752293577981657,5.3,2.5477064220183427
1966-08-01,3.8,3.0581039755351647,5.53,2.4718960244648356
1966-09-01,3.7,3.0487804878048808,5.4,2.3512195121951196
1966-10-01,3.7,3.658536585365857,5.53,1.8714634146341433
1966-11-01,3.6,3.3434650455927084,5.76,2.4165349544072914
1966-12-01,3.8,3.3333333333333437,5.4,2.0666666666666567
1967-01-01,3.9,3.6363636363636376,4.94,1.3036363636363628
1967-02-01,3.8,3.3232628398791597,5.0,1.6767371601208403
1967-03-01,3.8,3.6253776435045237,4.53,0.9046223564954765
1967-04-01,3.8,3.3033033033033066,4.05,0.7466966966966933
1967-05-01,3.8,3.293413173652704,3.94,0.646586826347296
1967-06-01,3.9,3.2835820895522394,3.98,0.6964179104477606
1967-07-01,3.8,3.2738095238095344,3.79,0.5161904761904657
1967-08-01,3.8,3.5608308605341144,3.9,0.33916913946588556
1967-09-01,3.8,3.550295857988184,3.99,0.4397041420118164
1967-10-01,4.0,3.2352941176470695,3.88,0.6447058823529304
1967-11-01,3.9,3.529411764705892,4.13,0.6005882352941079
1967-12-01,3.8,3.8123167155425186,4.51,0.6976832844574812
1968-01-01,3.7,3.801169590643272,4.61,0.8088304093567285
1968-02-01,3.8,4.385964912280693,4.71,0.3240350877193068
1968-03-01,3.7,4.37317784256559,5.05,0.67682215743441
1968-04-01,3.5,4.3604651162790775,5.76,1.3995348837209223
1968-05-01,3.5,4.347826086956519,6.12,1.7721739130434813
1968-06-01,3.7,4.6242774566473965,6.07,1.4457225433526038
1968-07-01,3.7,4.899135446685876,6.03,1.1308645533141242
1968-08-01,3.5,4.5845272206303855,6.03,1.4454727793696147
1968-09-01,3.4,4.857142857142871,5.78,0.9228571428571293
1968-10-01,3.4,5.12820512820511,5.91,0.7817948717948902
1968-11-01,3.4,5.397727272727271,5.82,0.4222727272727296
1968-12-01,3.4,5.084745762711873,6.02,0.9352542372881265
1969-01-01,3.4,5.070422535211261,6.3,1.229577464788739
1969-02-01,3.4,5.3221288515406195,6.61,1.2878711484593808
1969-03-01,3.4,5.586592178770955,6.79,1.203407821229045
1969-04-01,3.4,6.1281337047353945,7.41,1.2818662952646056
1969-05-01,3.4,5.833333333333335,8.67,2.836666666666665
1969-06-01,3.5,5.80110497237567,8.9,3.09889502762433
1969-07-01,3.5,5.769230769230771,8.61,2.8407692307692285
1969-08-01,3.5,6.02739726027397,9.19,3.1626027397260295
1969-09-01,3.7,5.9945504087193235,9.15,3.155449591280677
1969-10-01,3.7,5.962059620596216,9.0,3.037940379403784
1969-11-01,3.5,5.660377358490565,8.85,3.189622641509435
1969-12-01,3.5,5.913978494623651,8.97,3.05602150537635
1970-01-01,3.9,6.166219839142095,8.98,2.813780160857905
1970-02-01,4.2,5.8510638297872175,8.98,3.128936170212783
1970-03-01,4.4,6.084656084656093,7.76,1.6753439153439071
1970-04-01,4.6,6.036745406824129,8.1,2.063254593175871
1970-05-01,4.8,6.299212598425186,7.95,1.6507874015748145
1970-06-01,4.9,6.5274151436031325,7.61,1.0825848563968679
1970-07-01,5.0,6.233766233766236,7.21,0.9762337662337641
1970-08-01,5.1,6.201550387596888,6.62,0.41844961240311207
1970-09-01,5.4,6.169665809768632,6.29,0.12033419023136815
1970-10-01,5.5,6.13810741687979,6.2,0.061892583120210176
1970-11-01,5.9,6.632653061224469,5.6,-1.0326530612244698
1970-12-01,6.1,6.598984771573613,4.9,-1.6989847715736124
1971-01-01,5.9,6.313131313131315,4.14,-2.1731313131313152
1971-02-01,5.9,6.030150753768848,3.72,-2.310150753768848
1971-03-01,6.0,5.2369077306733125,3.71,-1.5269077306733125
1971-04-01,5.9,4.950495049504955,4.16,-0.7904950495049547
1971-05-01,5.9,5.185185185185182,4.63,-0.5551851851851817
1971-06-01,5.9,4.90196078431373,4.91,0.008039215686269863
1971-07-01,6.0,4.88997555012225,5.31,0.4200244498777499
1971-08-01,6.1,4.622871046228716,5.57,0.9471289537712844
1971-09-01,6.0,4.1162227602905554,5.55,1.4337772397094444
1971-10-01,5.8,3.855421686746996,5.2,1.3445783132530043
1971-11-01,6.0,3.349282296650724,4.91,1.560717703349276
1971-12-01,6.0,3.0952380952380842,4.14,1.0447619047619154
1972-01-01,5.8,3.325415676959609,3.51,0.18458432304039096
1972-02-01,5.7,3.3175355450236976,3.3,-0.017535545023697807
1972-03-01,5.8,3.3175355450236976,3.83,0.5124644549763024
1972-04-01,5.7,3.301886792452824,4.17,0.868113207547176
1972-05-01,5.7,3.0516431924882514,4.27,1.2183568075117481
1972-06-01,5.7,2.8037383177570208,4.46,1.6562616822429792
1972-07-01,5.6,2.7972027972028135,4.55,1.7527972027971863
1972-08-01,5.6,3.023255813953485,4.81,1.7867441860465147
1972-09-01,5.5,3.023255813953485,4.87,1.8467441860465152
1972-10-01,5.6,3.0162412993039345,5.05,2.0337587006960653
1972-11-01,5.3,2.777777777777768,5.06,2.2822222222222317
1972-12-01,5.2,3.002309468822184,5.33,2.327690531177816
1973-01-01,4.9,2.5287356321839205,5.94,3.41126436781608
1973-02-01,5.0,2.752293577981635,6.58,3.827706422018365
1973-03-01,4.9,3.2110091743119185,7.09,3.8789908256880814
1973-04-01,5.0,2.9680365296803846,7.12,4.1519634703196155
1973-05-01,4.9,3.1890660592255093,7.84,4.6509339407744905
1973-06-01,4.9,3.1818181818181746,8.49,5.308181818181826
1973-07-01,4.8,3.1746031746031633,10.4,7.225396825396837
1973-08-01,4.8,3.1602708803611934,10.5,7.339729119638807
1973-09-01,4.8,3.8374717832957206,10.78,6.942528216704279
1973-10-01,4.6,4.279279279279269,10.01,5.730720720720731
1973-11-01,4.8,4.729729729729737,10.03,5.300270270270262
1973-12-01,4.9,4.7085201793722,9.95,5.2414798206277995
1974-01-01,5.1,5.156950672645744,9.65,4.493049327354257
1974-02-01,5.2,5.35714285714286,8.97,3.6128571428571403
1974-03-01,5.1,5.777777777777771,9.35,3.572222222222229
1974-04-01,5.1,6.208425720620836,10.51,4.301574279379164
1974-05-01,5.1,7.064017660044164,11.31,4.2459823399558365
1974-06-01,5.4,7.929515418502198,11.93,4.000484581497802
1974-07-01,5.5,8.791208791208781,12.92,4.128791208791219
1974-08-01,5.5,9.84682713347922,12.01,2.16317286652078
1974-09-01,5.9,10.217391304347823,11.34,1.1226086956521772
1974-10-01,6.0,10.583153347732189,10.06,-0.5231533477321886
1974-11-01,6.6,10.967741935483865,9.45,-1.5177419354838655
1974-12-01,7.2,11.34903640256959,8.53,-2.8190364025695906
1975-01-01,8.1,11.513859275053306,7.13,-4.3838592750533065
1975-02-01,8.1,11.864406779661007,6.24,-5.624406779661006
1975-03-01,8.6,11.344537815126055,5.54,-5.8045378151260545
1975-04-01,8.8,11.27348643006263,5.49,-5.783486430062629
1975-05-01,9.0,10.309278350515472,5.22,-5.089278350515472
1975-06-01,8.8,9.795918367346923,5.55,-4.245918367346923
1975-07-01,8.6,9.090909090909083,6.1,-2.990909090909083
1975-08-01,8.4,7.968127490039834,6.14,-1.8281274900398339
1975-09-01,8.4,7.495069033530566,6.24,-1.2550690335305656
1975-10-01,8.4,7.031249999999978,5.82,-1.2112499999999775
1975-11-01,8.3,6.976744186046524,5.22,-1.7567441860465243
1975-12-01,8.2,6.730769230769229,5.2,-1.5307692307692289
1976-01-01,7.9,6.883365200764824,4.87,-2.0133652007648237
1976-02-01,7.7,6.439393939393945,4.77,-1.6693939393939452
1976-03-01,7.6,6.60377358490567,4.84,-1.7637735849056702
1976-04-01,7.7,6.378986866791747,4.82,-1.5589868667917468
1976-05-01,7.4,6.542056074766345,5.29,-1.2520560747663447
1976-06-01,7.6,6.3197026022304925,5.48,-0.8397026022304921
1976-07-01,7.8,6.666666666666665,5.31,-1.3566666666666656
1976-08-01,7.8,6.826568265682642,5.29,-1.536568265682642
1976-09-01,7.6,6.788990825688068,5.25,-1.5389908256880682
1976-10-01,7.7,6.751824817518259,5.02,-1.7318248175182598
1976-11-01,7.8,6.340579710144922,4.95,-1.3905797101449222
1976-12-01,7.8,6.12612612612613,4.65,-1.4761261261261298
1977-01-01,7.5,6.082289803220031,4.61,-1.472289803220031
1977-02-01,7.6,6.227758007117434,4.68,-1.5477580071174346
1977-03-01,7.4,6.194690265486735,4.69,-1.504690265486735
1977-04-01,7.2,6.349206349206349,4.73,-1.6192063492063484
1977-05-01,7.0,6.315789473684208,5.35,-0.9657894736842083
1977-06-01,7.2,6.643356643356646,5.39,-1.2533566433566463
1977-07-01,6.9,6.25,5.42,-0.8300000000000001
1977-08-01,7.0,6.217616580310881,5.9,-0.31761658031088036
1977-09-01,6.8,6.185567010309279,6.14,-0.0455670103092789
1977-10-01,6.8,5.982905982905984,6.47,0.4870940170940159
1977-11-01,6.8,6.132879045996575,6.51,0.3771209540034244
1977-12-01,6.4,6.451612903225823,6.56,0.10838709677417668
1978-01-01,6.4,6.408094435075884,6.7,0.29190556492411623
1978-02-01,6.3,6.1976549413735205,6.78,0.5823450586264798
1978-03-01,6.3,6.333333333333324,6.79,0.4566666666666759
1978-04-01,6.1,6.633499170812596,6.89,0.256500829187404
1978-05-01,6.0,6.765676567656764,7.36,0.594323432343236
1978-06-01,5.9,6.8852459016393475,7.6,0.7147540983606522
1978-07-01,6.2,7.189542483660127,7.81,0.6204575163398722
1978-08-01,5.9,7.479674796747959,8.04,0.5603252032520398
1978-09-01,6.0,7.928802588996775,8.45,0.5211974110032243
1978-10-01,5.8,8.387096774193559,8.96,0.5729032258064422
1978-11-01,5.9,8.50722311396468,9.76,1.2527768860353206
1978-12-01,6.0,8.452950558213711,10.03,1.5770494417862881
1979-01-01,5.9,8.557844690966721,10.07,1.5121553090332789
1979-02-01,5.9,9.14826498422714,10.06,0.9117350157728605
1979-03-01,5.8,9.404388714733546,10.09,0.6856112852664538
1979-04-01,5.8,9.331259720062214,10.01,0.6787402799377862
1979-05-01,5.6,9.428129829984533,10.24,0.8118701700154674
1979-06-01,5.7,9.355828220858896,10.29,0.9341717791411028
1979-07-01,5.7,9.60365853658538,10.47,0.8663414634146207
1979-08-01,6.0,9.984871406959162,10.94,0.955128593040838
1979-09-01,5.9,9.8950524737631,11.43,1.5349475262369001
1979-10-01,6.0,10.119047619047606,13.77,3.6509523809523934
1979-11-01,5.9,10.650887573964507,13.18,2.5291124260354927
1979-12-01,6.0,11.32352941176471,13.78,2.4564705882352893
1980-01-01,6.3,11.970802919708024,13.82,1.849197080291976
1980-02-01,6.3,11.994219653179194,14.13,2.135780346820807
1980-03-01,6.3,12.60744985673352,17.19,4.582550143266481
1980-04-01,6.9,13.086770981507833,17.61,4.523229018492167
1980-05-01,7.5,13.13559322033897,10.98,-2.15559322033897
1980-06-01,7.6,13.604488078541376,9.47,-4.134488078541375
1980-07-01,7.8,12.37830319888733,9.03,-3.348303198887331
1980-08-01,7.7,11.82943603851443,9.61,-2.2194360385144307
1980-09-01,7.5,12.005457025920862,10.87,-1.1354570259208625
1980-10-01,7.5,12.162162162162172,12.81,0.6478378378378284
1980-11-01,7.5,12.165775401069535,15.85,3.6842245989304647
1980-12-01,7.2,12.153236459709383,18.9,6.746763540290615
1981-01-01,7.5,11.342894393741854,19.08,7.737105606258144
1981-02-01,7.4,10.838709677419356,15.93,5.091290322580644
1981-03-01,7.4,9.92366412213741,14.7,4.776335877862589
1981-04-01,7.2,9.433962264150942,15.72,6.2860377358490584
1981-05-01,7.5,9.612983770287142,18.52,8.907016229712857
1981-06-01,7.5,9.3827160493827,19.1,9.7172839506173
1981-07-01,7.2,11.138613861386148,19.04,7.9013861386138515
1981-08-01,7.4,11.56211562115621,17.82,6.257884378843791
1981-09-01,7.6,11.814859926918398,15.87,4.055140073081601
1981-10-01,7.9,10.963855421686741,15.08,4.116144578313259
1981-11-01,8.3,10.250297973778299,13.31,3.059702026221702
1981-12-01,8.5,9.540636042402827,12.37,2.829363957597172
1982-01-01,8.6,9.250585480093676,13.22,3.9694145199063247
1982-02-01,8.9,9.196740395809066,14.78,5.583259604190934
1982-03-01,9.0,8.680555555555557,14.68,5.999444444444443
1982-04-01,9.3,8.850574712643677,14.94,6.089425287356322
1982-05-01,9.4,8.656036446469262,14.45,5.793963553530737
1982-06-01,9.6,8.465011286681712,14.15,5.684988713318289
1982-07-01,9.8,7.683741648106901,12.59,4.906258351893099
1982-08-01,9.8,7.056229327453134,10.12,3.063770672546865
1982-09-01,10.1,5.882352941176472,10.31,4.427647058823529
1982-10-01,10.4,5.863192182410426,9.71,3.846807817589575
1982-11-01,10.8,5.189189189189181,9.2,4.010810810810819
1982-12-01,10.8,4.516129032258065,8.95,4.433870967741934
1983-01-01,10.4,4.608788853161849,8.68,4.07121114683815
1983-02-01,10.4,4.47761194029852,8.51,4.032388059701479
1983-03-01,10.3,4.579339723109688,8.77,4.190660276890312
1983-04-01,10.2,4.118268215417098,8.8,4.681731784582903
1983-05-01,10.1,3.6687631027253698,8.63,4.961236897274631
1983-06-01,10.1,3.2258064516129226,8.98,5.754193548387078
1983-07-01,9.4,3.205791106514999,9.37,6.164208893485
1983-08-01,9.5,3.0895983522142068,9.56,6.470401647785794
1983-09-01,9.2,3.3950617283950546,9.45,6.054938271604945
1983-10-01,8.8,3.589743589743599,9.48,5.890256410256401
1983-11-01,8.5,4.316546762589923,9.34,5.023453237410076
1983-12-01,8.3,4.732510288065828,9.47,4.737489711934173
1984-01-01,8.0,5.020491803278704,9.56,4.539508196721297
1984-02-01,7.8,4.8979591836734615,9.59,4.692040816326538
1984-03-01,7.8,5.0916496945010215,9.91,4.818350305498979
1984-04-01,7.7,5.1724137931034475,10.29,5.117586206896552
1984-05-01,7.4,5.257836198179966,10.32,5.062163801820034
1984-06-01,7.2,5.3427419354838745,11.06,5.717258064516126
1984-07-01,7.5,5.210420841683372,11.23,6.0195791583166285
1984-08-01,7.5,5.294705294705304,11.64,6.345294705294696
1984-09-01,7.3,5.273631840796011,11.3,6.026368159203989
1984-10-01,7.4,5.148514851485153,9.99,4.841485148514847
1984-11-01,7.2,4.827586206896561,9.43,4.602413793103438
1984-12-01,7.3,4.911591355599221,8.38,3.46840864440078
1985-01-01,7.3,4.4878048780487845,8.35,3.862195121951215
1985-02-01,7.2,4.76653696498055,8.5,3.73346303501945
1985-03-01,7.2,4.748062015503862,8.58,3.831937984496138
1985-04-01,7.3,4.532304725168768,8.27,3.737695274831232
1985-05-01,7.2,4.514889529298749,7.97,3.4551104707012508
1985-06-01,7.4,4.401913875598074,7.53,3.1280861244019267
1985-07-01,7.4,4.190476190476189,7.88,3.689523809523811
1985-08-01,7.1,4.174573055028463,7.9,3.725426944971537
1985-09-01,7.1,3.969754253308122,7.92,3.950245746691878
1985-10-01,7.1,4.048964218455731,7.99,3.9410357815442696
1985-11-01,7.0,4.417293233082686,8.05,3.6327067669173143
1985-12-01,7.0,4.307116104868913,8.27,3.9628838951310863
1986-01-01,6.7,4.481792717086841,8.14,3.6582072829131596
1986-02-01,7.2,4.178272980501396,7.86,3.681727019498604
1986-03-01,7.2,4.070305272895469,7.48,3.4096947271045313
1986-04-01,7.1,4.151291512915134,6.99,2.8387084870848662
1986-05-01,7.2,3.952205882352944,6.85,2.897794117647056
1986-06-01,7.2,3.9413382218148607,6.92,2.978661778185139
1986-07-01,7.0,4.021937842778778,6.56,2.538062157221222
1986-08-01,6.9,4.007285974499086,6.17,2.1627140255009136
1986-09-01,7.0,4.181818181818175,5.89,1.7081818181818242
1986-10-01,7.0,4.072398190045257,5.85,1.777601809954743
1986-11-01,6.9,3.7803780378037777,6.04,2.2596219621962224
1986-12-01,6.6,3.7701974865349985,6.91,3.1398025134650016
1987-01-01,6.6,3.574620196604106,6.43,2.855379803395894
1987-02-01,6.6,3.5650623885918,6.1,2.5349376114082
1987-03-01,6.6,3.64444444444445,6.13,2.4855555555555497
1987-04-01,6.3,3.8972542072630567,6.37,2.4727457927369434
1987-05-01,6.3,4.0671971706454535,6.85,2.782802829354546
1987-06-01,6.2,3.9682539682539764,6.73,2.761746031746024
1987-07-01,6.1,3.9543057996485054,6.58,2.6256942003514947
1987-08-01,6.0,3.9404553415061327,6.73,2.7895446584938677
1987-09-01,5.9,4.013961605584648,7.22,3.2060383944153514
1987-10-01,6.0,4.17391304347825,7.29,3.11608695652175
1987-11-01,5.8,4.163052905464015,6.69,2.526947094535985
1987-12-01,5.7,4.152249134948116,6.77,2.6177508650518835
1988-01-01,5.7,4.3140638481449445,6.83,2.5159361518550556
1988-02-01,5.7,4.302925989672968,6.58,2.2770740103270324
1988-03-01,5.7,4.373927958833623,6.58,2.206072041166377
1988-04-01,5.4,4.262574595055413,6.87,2.6074254049445873
1988-05-01,5.6,4.248088360237889,7.09,2.8419116397621105
1988-06-01,5.4,4.495335029686176,7.51,3.0146649703138237
1988-07-01,5.4,4.480135249366013,7.75,3.269864750633987
1988-08-01,5.6,4.465037910699232,8.01,3.5449620893007676
1988-09-01,5.4,4.614093959731536,8.19,3.575906040268464
1988-10-01,5.4,4.507512520868118,8.3,3.792487479131883
1988-11-01,5.3,4.579517069109085,8.35,3.770482930890915
1988-12-01,5.3,4.6511627906976605,8.76,4.108837209302339
1989-01-01,5.4,4.631927212572373,9.12,4.488072787427626
1989-02-01,5.2,4.702970297029707,9.36,4.657029702970292
1989-03-01,5.0,4.683648315529987,9.85,5.166351684470013
1989-04-01,5.2,4.497138184791494,9.84,5.342861815208506
1989-05-01,5.2,4.563977180114098,9.81,5.246022819885902
1989-06-01,5.3,4.545454545454541,9.53,4.984545454545458
1989-07-01,5.2,4.53074433656957,9.24,4.70925566343043
1989-08-01,5.2,4.435483870967749,8.99,4.554516129032251
1989-09-01,5.3,4.170008019246185,9.02,4.849991980753814
1989-10-01,5.3,4.313099041533541,8.84,4.526900958466459
1989-11-01,5.4,4.378980891719753,8.55,4.171019108280248
1989-12-01,5.4,4.444444444444451,8.45,4.005555555555548
1990-01-01,5.4,4.426877470355728,8.23,3.8031225296442726
1990-02-01,5.3,4.570527974783278,8.24,3.669472025216722
1990-03-01,5.2,4.788069073783352,8.28,3.4919309262166474
1990-04-01,5.4,4.851330203442883,8.26,3.408669796557117
1990-05-01,5.4,4.754481683554168,8.18,3.4255183164458316
1990-06-01,5.2,4.891304347826075,8.29,3.3986956521739238
1990-07-01,5.5,5.10835913312695,8.15,3.041640866873051
1990-08-01,5.7,5.4826254826254806,8.13,2.6473745173745202
1990-09-01,5.9,5.54272517321015,8.2,2.657274826789849
1990-10-01,5.9,5.359877488514542,8.11,2.7501225114854577
1990-11-01,6.2,5.263157894736836,7.81,2.5468421052631633
1990-12-01,6.3,5.319148936170204,7.31,1.9908510638297958
1991-01-01,6.4,5.601816805450421,6.91,1.3081831945495788
1991-02-01,6.6,5.6518462697814575,6.25,0.5981537302185425
1991-03-01,6.8,5.243445692883886,6.12,0.8765543071161144
1991-04-01,6.7,5.149253731343295,5.91,0.760746268656705
1991-05-01,6.9,5.133928571428581,5.78,0.6460714285714193
1991-06-01,6.9,4.959289415247969,5.9,0.940710584752031
1991-07-01,6.8,4.786450662739328,5.82,1.0335493372606726
1991-08-01,6.9,4.612005856515378,5.66,1.0479941434846225
1991-09-01,6.9,4.595185995623652,5.45,0.8548140043763484
1991-10-01,7.0,4.433139534883712,5.21,0.7768604651162878
1991-11-01,7.0,4.492753623188395,4.81,0.31724637681160495
1991-12-01,7.3,4.401154401154406,4.43,0.02884559884559401
1992-01-01,7.3,4.014336917562722,4.03,0.01566308243727832
1992-02-01,7.4,3.708987161198296,4.06,0.35101283880170353
1992-03-01,7.4,3.843416370106767,3.98,0.13658362989323303
1992-04-01,7.4,3.8325053229240735,3.73,-0.10250532292407355
1992-05-01,7.6,3.8924274593064467,3.82,-0.0724274593064469
1992-06-01,7.8,3.7376586741889817,3.76,0.02234132581101811
1992-07-01,7.7,3.7245256500351154,3.25,-0.4745256500351154
1992-08-01,7.6,3.4989503149055246,3.3,-0.19895031490552473
1992-09-01,7.6,3.2775453277545274,3.22,-0.05754532775452725
1992-10-01,7.3,3.549060542797511,3.1,-0.44906054279751073
1992-11-01,7.4,3.4674063800277377,3.09,-0.37740638002773785
1992-12-01,7.4,3.386316516931598,2.92,-0.4663165169315979
1993-01-01,7.3,3.4458993797381154,3.02,-0.4258993797381154
1993-02-01,7.1,3.576341127922955,3.03,-0.5463411279229553
1993-03-01,7.0,3.358464701850594,3.07,-0.28846470185059436
1993-04-01,7.1,3.4859876965140035,2.96,-0.5259876965140036
1993-05-01,7.1,3.4059945504087086,3.0,-0.4059945504087086
1993-06-01,7.0,3.3990482664853827,3.04,-0.3590482664853827
1993-07-01,6.9,3.1842818428184483,3.06,-0.12428184281844823
1993-08-01,6.8,3.313049357674114,3.03,-0.283049357674114
1993-09-01,6.7,3.241053342336264,3.09,-0.15105334233626433
1993-10-01,6.8,3.0913978494623517,2.99,-0.10139784946235153
1993-11-01,6.6,3.1501340482573914,3.02,-0.1301340482573914
1993-12-01,6.5,3.141711229946531,2.96,-0.1817112299465311
1994-01-01,6.6,2.931379080612939,3.05,0.11862091938706065
1994-02-01,6.6,2.788844621513964,3.25,0.46115537848603605
1994-03-01,6.5,2.984084880636595,3.34,0.3559151193634049
1994-04-01,6.4,2.7080581241743618,3.56,0.8519418758256383
1994-05-01,6.1,2.7009222661396493,4.01,1.3090777338603505
1994-06-01,6.1,2.827087442472065,4.25,1.422912557527935
1994-07-01,6.1,2.8890347997373444,4.26,1.3709652002626553
1994-08-01,6.0,2.814136125654443,4.47,1.655863874345557
1994-09-01,5.9,3.00850228907783,4.73,1.7214977109221703
1994-10-01,5.8,2.8683181225554133,4.76,1.8916818774445865
1994-11-01,5.6,2.7940220922676895,5.29,2.4959779077323105
1994-12-01,5.5,2.5923525599481634,5.45,2.857647440051837
1995-01-01,5.6,2.9126213592232997,5.53,2.6173786407767006
1995-02-01,5.4,2.9715762273901714,5.92,2.9484237726098286
1995-03-01,5.4,2.962009014810052,5.98,3.0179909851899485
1995-04-01,5.8,3.1511254019292556,6.05,2.898874598070744
1995-05-01,5.6,3.078896728672209,6.01,2.9311032713277907
1995-06-01,5.6,3.0051150895140655,6.0,2.9948849104859345
1995-07-01,5.7,2.999361837906833,5.85,2.8506381620931665
1995-08-01,5.7,2.991725015913449,5.74,2.7482749840865512
1995-09-01,5.6,2.984126984126978,5.8,2.815873015873022
1995-10-01,5.5,3.1051964512040398,5.76,2.65480354879596
1995-11-01,5.6,3.034134007585343,5.8,2.765865992414657
1995-12-01,5.6,3.032217308907126,5.6,2.567782691092874
1996-01-01,5.6,2.955974842767284,5.56,2.6040251572327158
1996-02-01,5.5,2.8858218318695172,5.22,2.3341781681304825
1996-03-01,5.5,2.814258911819878,5.31,2.4957410881801216
1996-04-01,5.6,2.6184538653366562,5.22,2.6015461346633435
1996-05-01,5.6,2.675793403858129,5.24,2.5642065961418714
1996-06-01,5.3,2.669149596523912,5.27,2.6008504034760875
1996-07-01,5.5,2.664188351920682,5.4,2.735811648079318
1996-08-01,5.1,2.595797280593315,5.22,2.624202719406685
1996-09-01,5.2,2.6510480887792953,5.3,2.6489519112207045
1996-10-01,5.2,2.5199754148740094,5.24,2.7200245851259908
1996-11-01,5.4,2.5766871165644023,5.31,2.7333128834355973
1996-12-01,5.4,2.636419374616805,5.29,2.653580625383195
1997-01-01,5.3,2.504581551618834,5.25,2.745418448381166
1997-02-01,5.2,2.499999999999991,5.19,2.6900000000000093
1997-03-01,5.2,2.4330900243308973,5.39,2.9569099756691024
1997-04-01,5.1,2.6123936816524918,5.51,2.897606318347508
1997-05-01,4.9,2.5454545454545396,5.5,2.9545454545454604
1997-06-01,5.0,2.41837968561065,5.56,3.1416203143893497
1997-07-01,4.9,2.4140012070005934,5.52,3.105998792999406
1997-08-01,4.8,2.2891566265060392,5.54,3.250843373493961
1997-09-01,4.9,2.2222222222222143,5.54,3.3177777777777857
1997-10-01,4.7,2.278177458033559,5.5,3.221822541966441
1997-11-01,4.6,2.1531100478469067,5.52,3.366889952153093
1997-12-01,4.7,2.270011947431283,5.5,3.229988052568717
1998-01-01,4.6,2.264600715137055,5.56,3.2953992848629445
1998-02-01,4.6,2.2605591909577782,5.51,3.2494408090422215
1998-03-01,4.7,2.25653206650831,5.49,3.2334679334916903
1998-04-01,4.3,2.131438721136769,5.45,3.318561278863231
1998-05-01,4.4,2.1867612293144267,5.49,3.3032387706855735
1998-06-01,4.5,2.2432113341204207,5.56,3.316788665879579
1998-07-01,4.5,2.2392457277548683,5.54,3.3007542722451317
1998-08-01,4.5,2.473498233215543,5.55,3.0765017667844567
1998-09-01,4.6,2.3501762632197387,5.51,3.159823736780261
1998-10-01,4.5,2.2274325908558046,5.07,2.8425674091441957
1998-11-01,4.4,2.3419203747072626,4.83,2.4880796252927375
1998-12-01,4.4,2.453271028037385,4.68,2.226728971962615
1999-01-01,4.3,2.331002331002341,4.63,2.298997668997659
1999-02-01,4.4,2.1524141942990127,4.76,2.607585805700987
1999-03-01,4.2,2.0325203252032464,4.81,2.777479674796753
1999-04-01,4.3,2.2028985507246412,4.74,2.537101449275359
1999-05-01,4.2,2.0821283979178595,4.74,2.6578716020821407
1999-06-01,4.3,1.9630484988452768,4.76,2.796951501154723
1999-07-01,4.3,2.074927953890482,4.99,2.9150720461095183
1999-08-01,4.2,1.8965517241379404,5.07,3.17344827586206
1999-09-01,4.2,2.066590126291623,5.22,3.1534098737083767
1999-10-01,4.1,2.1215596330275144,5.2,3.078440366972486
1999-11-01,4.1,2.0594965675057253,5.42,3.3605034324942746
1999-12-01,4.0,1.8814139110604255,5.3,3.4185860889395743
2000-01-01,4.0,2.1070615034168627,5.45,3.3429384965831375
2000-02-01,4.1,2.1640091116173155,5.73,3.565990888382685
2000-03-01,4.0,2.4473534433693933,5.85,3.4026465566306063
2000-04-01,3.8,2.2688598979013097,6.02,3.75114010209869
2000-05-01,4.0,2.3796033994334165,6.27,3.890396600566583
2000-06-01,4.0,2.5481313703284325,6.53,3.9818686296715677
2000-07-01,4.0,2.4844720496894457,6.54,4.055527950310554
2000-08-01,4.1,2.5944726452340694,6.5,3.9055273547659306
2000-09-01,3.9,2.53093363329584,6.52,3.9890663667041597
2000-10-01,3.9,2.5266704098820814,6.51,3.9833295901179184
2000-11-01,3.9,2.6345291479820565,6.51,3.8754708520179433
2000-12-01,3.9,2.5741466144376224,6.4,3.825853385562378
2001-01-01,4.2,2.5655326268823275,5.98,3.414467373117673
2001-02-01,4.2,2.7870680044593144,5.49,2.702931995540686
2001-03-01,4.3,2.6111111111110974,5.31,2.698888888888902
2001-04-01,4.4,2.66222961730449,4.8,2.1377703826955097
2001-05-01,4.3,2.54565578306587,4.21,1.66434421693413
2001-06-01,4.5,2.705687465488693,3.97,1.264312534511307
2001-07-01,4.6,2.6997245179063434,3.77,1.0702754820936566
2001-08-01,4.9,2.638812534359536,3.65,1.011187465640464
2001-09-01,5.0,2.6330224904004274,3.07,0.4369775095995725
2001-10-01,5.3,2.6286966046002336,2.49,-0.13869660460023336
2001-11-01,5.5,2.730748225013646,2.09,-0.6407482250136463
2001-12-01,5.7,2.782324058919805,1.82,-0.962324058919805
2002-01-01,5.7,2.610114192495905,1.73,-0.8801141924959048
2002-02-01,5.7,2.5488069414316694,1.74,-0.8088069414316694
2002-03-01,5.7,2.4363833243096877,1.73,-0.7063833243096878
2002-04-01,5.9,2.485143165856285,1.75,-0.735143165856285
2002-05-01,5.8,2.5364274150026844,1.75,-0.7864274150026844
2002-06-01,5.8,2.2580645161290214,1.75,-0.5080645161290214
2002-07-01,5.8,2.1995708154506355,1.73,-0.4695708154506355
2002-08-01,5.7,2.3567220139260936,1.74,-0.6167220139260936
2002-09-01,5.7,2.2447888829502993,1.75,-0.4947888829502993
2002-10-01,5.7,2.187833511205972,1.75,-0.43783351120597214
2002-11-01,5.9,2.020202020202033,1.34,-0.6802020202020331
2002-12-01,6.0,1.9639065817409707,1.24,-0.7239065817409707
2003-01-01,5.8,1.9607843137255054,1.24,-0.7207843137255054
2003-02-01,5.9,1.7979904812268632,1.26,-0.5379904812268632
2003-03-01,5.9,1.744186046511631,1.25,-0.494186046511631
2003-04-01,6.0,1.4760147601476037,1.26,-0.21601476014760368
2003-05-01,6.1,1.5263157894736867,1.26,-0.2663157894736867
2003-06-01,6.3,1.4721345951629994,1.22,-0.2521345951629994
2003-07-01,6.2,1.522309711286085,1.01,-0.512309711286085
2003-08-01,6.1,1.3082155939298845,1.03,-0.2782155939298845
2003-09-01,6.1,1.2545739675901668,1.01,-0.2445739675901668
2003-10-01,6.0,1.305483028720622,1.01,-0.29548302872062204
2003-11-01,5.8,1.094319958311618,1.0,-0.0943199583116181
2003-12-01,5.7,1.0931806350858997,0.98,-0.1131806350858997
2004-01-01,5.7,1.1434511434511352,1.0,-0.1434511434511352
2004-02-01,5.6,1.2467532467532516,1.01,-0.2367532467532516
2004-03-01,5.8,1.558441558441559,1.0,-0.558441558441559
2004-04-01,5.6,1.7662337662337713,1.0,-0.7662337662337713
2004-05-01,5.6,1.710730948678063,1.0,-0.7107309486780631
2004-06-01,5.6,1.865284974093262,1.03,-0.835284974093262
2004-07-01,5.5,1.7580144777662898,1.26,-0.4980144777662898
2004-08-01,5.4,1.7045454545454586,1.43,-0.27454545454545864
2004-09-01,5.4,1.961796592669085,1.61,-0.3517965926690849
2004-10-01,5.5,2.0103092783505083,1.76,-0.2503092783505083
2004-11-01,5.4,2.216494845360839,1.93,-0.28649484536083913
2004-12-01,5.4,2.2657054582904346,2.16,-0.10570545829043443
2005-01-01,5.3,2.261048304213764,2.28,0.01895169578623568
2005-02-01,5.4,2.308876346844535,2.5,0.19112365315546498
2005-03-01,5.2,2.35294117647058,2.63,0.27705882352942
2005-04-01,5.2,2.1949974476773715,2.79,0.5950025523226286
2005-05-01,5.1,2.1916411824668858,3.0,0.8083588175331142
2005-06-01,5.0,2.0345879959308144,3.04,1.0054120040691856
2005-07-01,5.0,2.083333333333326,3.26,1.1766666666666739
2005-08-01,4.9,2.1330624682579957,3.5,1.3669375317420043
2005-09-01,5.0,1.9240506329113893,3.62,1.6959493670886108
2005-10-01,5.0,2.071753410813537,3.78,1.7082465891864627
2005-11-01,5.0,2.1180030257186067,4.0,1.8819969742813933
2005-12-01,4.9,2.114803625377659,4.16,2.045196374622341
2006-01-01,4.7,2.1105527638190846,4.29,2.1794472361809154
2006-02-01,4.8,2.106318956870612,4.49,2.383681043129388
2006-03-01,4.7,2.0989505247376306,4.59,2.4910494752623693
2006-04-01,4.7,2.29770229770232,4.79,2.49229770229768
2006-05-01,4.6,2.44389027431422,4.94,2.4961097256857805
2006-06-01,4.6,2.6420737786640114,4.99,2.347926221335989
2006-07-01,4.7,2.6879044300647026,5.24,2.5520955699352976
2006-08-01,4.7,2.8344107409249197,5.25,2.4155892590750803
2006-09-01,4.5,2.930948832588176,5.25,2.319051167411824
2006-10-01,4.4,2.7722772277227747,5.25,2.4777227722772253
2006-11-01,4.5,2.6172839506172885,5.25,2.6327160493827115
2006-12-01,4.4,2.6134122287968298,5.24,2.6265877712031704
2007-01-01,4.6,2.657480314960625,5.25,2.592519685039375
2007-02-01,4.5,2.71856581532417,5.26,2.54143418467583
2007-03-01,4.4,2.5051395007342103,5.26,2.7548604992657895
2007-04-01,4.5,2.4155273437499902,5.25,2.8344726562500098
2007-05-01,4.4,2.267770204479058,5.25,2.982229795520942
2007-06-01,4.6,2.181641573579407,5.25,3.068358426420593
2007-07-01,4.7,2.1682016480853106,5.26,3.091798351914689
2007-08-01,4.6,2.0884912959380886,5.02,2.931508704061911
2007-09-01,4.7,2.101351351351366,4.94,2.8386486486486344
2007-10-01,4.7,2.1565510597302495,4.76,2.6034489402697503
2007-11-01,4.7,2.3387872954764077,4.49,2.1512127045235925
2007-12-01,5.0,2.4353676117251366,4.24,1.8046323882748636
2008-01-01,5.0,2.4789069990412305,3.94,1.4610930009587695
2008-02-01,4.9,2.29708083295479,2.98,0.6829191670452102
2008-03-01,5.1,2.388524386633417,2.61,0.22147561336658272
2008-04-01,5.0,2.294669292051843,2.28,-0.014669292051843197
2008-05-01,5.4,2.3222157689781087,1.98,-0.3422157689781087
2008-06-01,5.6,2.3917259211376996,2.0,-0.39172592113769955
2008-07-01,5.8,2.463313612274831,2.01,-0.45331361227483136
2008-08-01,6.1,2.4981171756213394,2.0,-0.4981171756213394
2008-09-01,6.1,2.4386208722122937,1.81,-0.6286208722122937
2008-10-01,6.5,2.2213629955157854,0.97,-1.2513629955157854
2008-11-01,6.8,2.015893915169764,0.39,-1.625893915169764
2008-12-01,7.3,1.7624596562335837,0.16,-1.6024596562335838
2009-01-01,7.8,1.6723503187990874,0.15,-1.5223503187990874
2009-02-01,8.3,1.800980653363804,0.22,-1.580980653363804
2009-03-01,8.7,1.7876130957932945,0.18,-1.6076130957932946
2009-04-01,9.0,1.93232662192393,0.15,-1.78232662192393
2009-05-01,9.4,1.8461309413034588,0.18,-1.6661309413034588
2009-06-01,9.5,1.7119726678550107,0.21,-1.5019726678550107
2009-07-01,9.5,1.5270992984974363,0.16,-1.3670992984974364
2009-08-01,9.6,1.4339650543224725,0.16,-1.2739650543224725
2009-09-01,9.8,1.4798373886199645,0.15,-1.3298373886199646
2009-10-01,10.0,1.7127331771131127,0.12,-1.5927331771131126
2009-11-01,9.9,1.714243571010421,0.12,-1.5942435710104208
2009-12-01,9.9,1.8236717759594345,0.12,-1.7036717759594344
2010-01-01,9.8,1.5123351706495702,0.11,-1.4023351706495701
2010-02-01,9.8,1.3494526888039982,0.13,-1.2194526888039983
2010-03-01,9.9,1.1592051426555505,0.16,-0.9992051426555505
2010-04-01,9.9,0.9675088932173947,0.2,-0.7675088932173948
2010-05-01,9.6,0.9401381427474931,0.2,-0.7401381427474931
2010-06-01,9.4,0.9501989849939774,0.18,-0.7701989849939774
2010-07-01,9.4,0.9577539302116689,0.18,-0.7777539302116689
2010-08-01,9.5,0.9171009950067255,0.19,-0.7271009950067255
2010-09-01,9.5,0.8143870498363182,0.19,-0.6243870498363182
2010-10-01,9.4,0.6027183550187942,0.19,-0.4127183550187942
2010-11-01,9.8,0.672056411046551,0.19,-0.482056411046551
2010-12-01,9.3,0.6618948664665503,0.18,-0.4818948664665503
2011-01-01,9.1,0.9835337415527112,0.17,-0.8135337415527112
2011-02-01,9.0,1.124445592146106,0.16,-0.964445592146106
2011-03-01,9.0,1.2097851736773357,0.14,-1.0697851736773356
2011-04-01,9.1,1.3155392125784537,0.1,-1.2155392125784537
2011-05-01,9.0,1.4540961794335727,0.09,-1.3640961794335726
2011-06-01,9.1,1.5836776766096738,0.09,-1.4936776766096738
2011-07-01,9.0,1.741483445742964,0.07,-1.671483445742964
2011-08-01,9.0,1.9651571719433658,0.1,-1.8651571719433657
2011-09-01,9.0,1.9877227562006272,0.08,-1.9077227562006271
2011-10-01,8.8,2.1079204796465634,0.07,-2.0379204796465635
2011-11-01,8.6,2.138204538395394,0.08,-2.058204538395394
2011-12-01,8.5,2.276662633858506,0.07,-2.2066626338585063
2012-01-01,8.3,2.2773481506083826,0.08,-2.1973481506083825
2012-02-01,8.3,2.1598204405657295,0.1,-2.0598204405657294
2012-03-01,8.2,2.2483374654291177,0.13,-2.118337465429118
2012-04-01,8.2,2.314427851801515,0.14,-2.1744278518015148
2012-05-01,8.2,2.252258280361308,0.16,-2.0922582803613077
2012-06-01,8.2,2.192285611289857,0.16,-2.032285611289857
2012-07-01,8.2,2.109955687378462,0.16,-1.949955687378462
2012-08-01,8.1,1.9352524993137443,0.13,-1.8052524993137444
2012-09-01,7.8,2.0082434834909124,0.14,-1.8682434834909123
2012-10-01,7.8,1.9946491483669337,0.16,-1.8346491483669338
2012-11-01,7.7,1.9528512686261434,0.16,-1.7928512686261435
2012-12-01,7.9,1.8996943778720743,0.16,-1.7396943778720744
2013-01-01,8.0,1.9098022178631435,0.14,-1.7698022178631434
2013-02-01,7.7,1.9887385214485631,0.15,-1.8387385214485632
2013-03-01,7.5,1.8890221377988237,0.14,-1.7490221377988235
2013-04-01,7.6,1.715558856294086,0.15,-1.565558856294086
2013-05-01,7.5,1.6455519491850756,0.11,-1.5355519491850755
2013-06-01,7.5,1.6230952474272975,0.09,-1.5330952474272974
2013-07-01,7.3,1.7002217680567089,0.09,-1.6102217680567088
2013-08-01,7.2,1.782107690904433,0.08,-1.702107690904433
2013-09-01,7.2,1.7519368418314363,0.08,-1.6719368418314362
2013-10-01,7.2,1.686837731144819,0.09,-1.596837731144819
2013-11-01,6.9,1.7416677473738762,0.08,-1.6616677473738761
2013-12-01,6.7,1.7408566188369834,0.09,-1.6508566188369833
2014-01-01,6.6,1.6070344358370292,0.07,-1.5370344358370291
2014-02-01,6.7,1.5548073904948723,0.07,-1.4848073904948722
2014-03-01,6.7,1.6456609706435588,0.08,-1.5656609706435587
2014-04-01,6.2,1.8210555250137483,0.09,-1.7310555250137483
2014-05-01,6.3,1.9455269618362525,0.09,-1.8555269618362524
2014-06-01,6.1,1.9228626526676562,0.1,-1.8228626526676561
2014-07-01,6.2,1.8449632290063356,0.09,-1.7549632290063355
2014-08-01,6.1,1.73639560289498,0.09,-1.64639560289498
2014-09-01,5.9,1.7409458883681284,0.09,-1.6509458883681283
2014-10-01,5.7,1.817632310436279,0.09,-1.727632310436279
2014-11-01,5.8,1.7415947552462452,0.09,-1.651594755246245
2014-12-01,5.6,1.6224195046636636,0.12,-1.5024195046636635
2015-01-01,5.7,1.631625565241701,0.11,-1.521625565241701
2015-02-01,5.5,1.6880834938713285,0.11,-1.5780834938713284
2015-03-01,5.4,1.7453777073428434,0.11,-1.6353777073428433
2015-04-01,5.4,1.802827832894649,0.12,-1.6828278328946489
2015-05-01,5.6,1.7509440952473199,0.12,-1.6309440952473198
2015-06-01,5.3,1.7772676244655061,0.13,-1.6472676244655062
2015-07-01,5.2,1.8346312894897077,0.13,-1.7046312894897078
2015-08-01,5.1,1.8506323273421277,0.14,-1.7106323273421276
2015-09-01,5.0,1.8970961446650891,0.14,-1.757096144665089
2015-10-01,5.0,1.9135335359607986,0.12,-1.7935335359607985
2015-11-01,5.1,1.9974275238246353,0.12,-1.8774275238246352
2015-12-01,5.0,2.0715072792840905,0.24,-1.8315072792840905
2016-01-01,4.8,2.145022538582464,0.34,-1.8050225385824639
2016-02-01,4.9,2.222573822094165,0.38,-1.842573822094165
2016-03-01,5.0,2.142426948557663,0.36,-1.7824269485576631
2016-04-01,5.1,2.156654761214183,0.37,-1.7866547612141828
2016-05-01,4.8,2.2545595974976074,0.37,-1.8845595974976073
2016-06-01,4.9,2.2622116465067066,0.38,-1.8822116465067067
2016-07-01,4.8,2.1701399624842965,0.39,-1.7801399624842964
2016-08-01,4.9,2.3087345614186683,0.4,-1.9087345614186684
2016-09-01,5.0,2.271120682569183,0.4,-1.8711206825691833
2016-10-01,4.9,2.2045551507991146,0.4,-1.8045551507991147
2016-11-01,4.7,2.1454219398053587,0.41,-1.7354219398053587
2016-12-01,4.7,2.197123661300271,0.54,-1.657123661300271
2017-01-01,4.7,2.2502092221020176,0.65,-1.6002092221020177
2017-02-01,4.6,2.2353468290497336,0.66,-1.5753468290497334
2017-03-01,4.4,2.045845481938735,0.79,-1.255845481938735
2017-04-01,4.4,1.8965650108902388,0.9,-0.9965650108902387
2017-05-01,4.4,1.7370931912259246,0.91,-0.8270931912259246
2017-06-01,4.3,1.6991193342490218,1.04,-0.6591193342490218
2017-07-01,4.3,1.6769627444729984,1.15,-0.5269627444729985
2017-08-01,4.4,1.6552412618799472,1.16,-0.4952412618799473
2017-09-01,4.3,1.5953898457655935,1.15,-0.4453898457655936
2017-10-01,4.2,1.7596390813271245,1.15,-0.6096390813271246
2017-11-01,4.2,1.7376072726981162,1.16,-0.5776072726981163
2017-12-01,4.1,1.770166453265043,1.3,-0.4701664532650429
2018-01-01,4.0,1.8912671130328462,1.41,-0.4812671130328463
2018-02-01,4.1,1.87770420481439,1.42,-0.45770420481439
2018-03-01,4.0,2.1227843662331214,1.51,-0.6127843662331214
2018-04-01,4.0,2.150644636125887,1.69,-0.4606446361258869
2018-05-01,3.8,2.272998448872432,1.7,-0.572998448872432
2018-06-01,4.0,2.245517307127032,1.82,-0.42551730712703173
2018-07-01,3.8,2.267595293370639,1.91,-0.357595293370639
2018-08-01,3.8,2.1208941334864617,1.91,-0.2108941334864618
2018-09-01,3.7,2.1976804898501623,1.95,-0.24768048985016233
2018-10-01,3.8,2.126409125691242,2.19,0.06359087430875787
2018-11-01,3.8,2.2153843729315836,2.2,-0.015384372931583457
2018-12-01,3.9,2.2485295505299874,2.27,0.021470449470012642
2019-01-01,4.0,2.1794329242488475,2.4,0.22056707575115242
2019-02-01,3.8,2.1410889637129227,2.4,0.25891103628707723
2019-03-01,3.8,2.06656235001228,2.41,0.3434376499877203
2019-04-01,3.7,2.0913377235709074,2.42,0.3286622764290925
2019-05-01,3.6,1.97242800754438,2.39,0.41757199245562004
2019-06-01,3.6,2.0746001344216447,2.38,0.3053998655783552
2019-07-01,3.7,2.1657049503490455,2.4,0.23429504965095438
2019-08-01,3.6,2.321135673598529,2.13,-0.191135673598529
2019-09-01,3.5,2.3300099083477743,2.04,-0.2900099083477743
2019-10-01,3.6,2.3378148209658223,1.83,-0.5078148209658222
2019-11-01,3.6,2.3546960942649298,1.55,-0.8046960942649297
2019-12-01,3.6,2.2905988164406255,1.55,-0.7405988164406254
2020-01-01,3.6,2.2817391837892886,1.55,-0.7317391837892886
2020-02-01,3.5,2.3676613601035346,1.58,-0.7876613601035345
2020-03-01,4.4,2.097741687598198,0.65,-1.447741687598198
2020-04-01,14.8,1.4309324152566472,0.05,-1.3809324152566471
2020-05-01,13.2,1.2184564692601985,0.05,-1.1684564692601984
2020-06-01,11.0,1.1836841884912408,0.08,-1.1036841884912407
2020-07-01,10.2,1.560695837131587,0.09,-1.470695837131587
2020-08-01,8.4,1.7223933878284248,0.1,-1.6223933878284247
2020-09-01,7.8,1.7190644053436621,0.09,-1.629064405343662
2020-10-01,6.9,1.6364116692455521,0.09,-1.546411669245552
2020-11-01,6.7,1.6693780408814973,0.09,-1.5793780408814972
2020-12-01,6.7,1.624313961356294,0.09,-1.534313961356294
2021-01-01,6.4,1.3763703714812836,0.09,-1.2863703714812835
2021-02-01,6.2,1.280248344990098,0.08,-1.200248344990098
2021-03-01,6.1,1.6494791315614155,0.07,-1.5794791315614154
2021-04-01,6.1,2.9780316542864504,0.07,-2.9080316542864506
2021-05-01,5.8,3.7876961101984907,0.06,-3.7276961101984907
2021-06-01,5.9,4.439362194328367,0.08,-4.359362194328367
2021-07-01,5.4,4.210719214328185,0.1,-4.110719214328185
2021-08-01,5.1,3.9396919775577244,0.09,-3.8496919775577245
2021-09-01,4.7,4.002855729865806,0.08,-3.922855729865806
2021-10-01,4.5,4.590317334184912,0.08,-4.510317334184912
2021-11-01,4.1,4.972572143965692,0.08,-4.892572143965692
2021-12-01,3.9,5.488993530393094,0.08,-5.408993530393094
2022-01-01,4.0,6.05428515424189,0.08,-5.9742851542418896
2022-02-01,3.9,6.4551151617656455,0.08,-6.375115161765645
2022-03-01,3.7,6.482378554404167,0.2,-6.282378554404167
2022-04-01,3.7,6.158737119052837,0.33,-5.828737119052837
2022-05-01,3.6,6.0254478790408905,0.77,-5.25544787904089
2022-06-01,3.6,5.906335651591377,1.21,-4.696335651591377
2022-07-01,3.5,5.899916740834321,1.68,-4.2199167408343214
2022-08-01,3.6,6.286089097732228,2.33,-3.956089097732228
2022-09-01,3.5,6.624287624509306,2.56,-4.064287624509307
2022-10-01,3.6,6.294999786983246,3.08,-3.2149997869832463
2022-11-01,3.6,5.969880665899807,3.78,-2.1898806658998073
2022-12-01,3.5,5.685531944736666,4.1,-1.5855319447366663
2023-01-01,3.5,5.539533472591773,4.33,-1.2095334725917732
2023-02-01,3.6,5.498260329618088,4.57,-0.9282603296180874
2023-03-01,3.5,5.566741392671326,4.65,-0.9167413926713257
2023-04-01,3.4,5.514364195873522,4.83,-0.6843641958735223
2023-05-01,3.6,5.337547036084689,5.06,-0.2775470360846892
2023-06-01,3.6,4.853596327155252,5.08,0.22640367284474827
2023-07-01,3.5,4.700970557935236,5.12,0.41902944206476445
2023-08-01,3.7,4.399143440066089,5.33,0.9308565599339111
2023-09-01,3.7,4.128747996485882,5.33,1.201252003514118
2023-10-01,3.9,4.027401561127464,5.33,1.3025984388725362
2023-11-01,3.7,4.017980521102138,5.33,1.312019478897862
2023-12-01,3.8,3.9154727698627045,5.33,1.4145272301372955
2024-01-01,3.7,3.8583540949372663,5.33,1.4716459050627337
2024-02-01,3.9,3.7619647313751337,5.33,1.5680352686248664
2024-03-01,3.9,3.8161935067360986,5.33,1.5138064932639015
2024-04-01,3.9,3.6260251717590952,5.33,1.7039748282409048
2024-05-01,3.9,3.394419668976645,5.33,1.9355803310233552
2024-06-01,4.1,3.2654173234475614,5.33,2.0645826765524387
2024-07-01,4.2,3.2301916105644812,5.33,2.099808389435519
2024-08-01,4.2,3.2850959364300047,5.33,2.0449040635699953
2024-09-01,4.1,3.2823574494668994,5.13,1.8476425505331004
2024-10-01,4.1,3.298689706765301,4.83,1.5313102932346991
2024-11-01,4.2,3.2859356193500444,4.64,1.3540643806499553
2024-12-01,4.1,3.2133335461932644,4.48,1.266666453806736
2025-01-01,4.0,3.282970485398584,4.33,1.047029514601416
2025-02-01,4.2,3.13755688228059,4.33,1.1924431177194101
2025-03-01,4.2,2.808783050077035,4.33,1.521216949922965
2025-04-01,4.2,2.7760200724699313,4.33,1.5539799275300687
2025-05-01,4.3,2.7658403935930886,4.33,1.5641596064069114
2025-06-01,4.1,2.910895442696071,4.33,1.4191045573039291
2025-07-01,4.3,3.0544930080893096,4.33,1.2755069919106905
2025-08-01,4.3,3.111806098514469,4.33,1.218193901485531
2025-09-01,4.4,3.0199668258857892,4.22,1.2000331741142105
2025-11-01,4.5,2.5990448060944082,3.88,1.2809551939055916
2025-12-01,4.4,2.6464847073089937,3.72,1.0735152926910065
2026-01-01,4.3,2.512028782828879,3.64,1.1279712171711211
2026-02-01,4.4,2.4724624767640258,3.64,1.1675375232359744
2026-03-01,4.3,2.602167705486824,3.64,1.037832294513176
2026-04-01,4.3,2.7433094309685213,3.64,0.8966905690314788
2026-05-01,4.3,2.8229420636110225,3.63,0.8070579363889774
2026-06-01,4.2,2.5657850563697515,3.63,1.0642149436302484
2026-07-01,4.1,2.4665177892309265,3.63,1.1634822107690734
2026-08-01,4.1,2.4461631786472537,3.63,1.1838368213527461
